{"cameraMode":{"drawMode":0,"name":"Shaded","section":"Shading Mode"},"sceneLighting":false,"audioPlay":false,"sceneViewState":{"m_AlwaysRefresh":false,"showFog":true,"showSkybox":false,"showFlares":true,"showImageEffects":true,"showParticleSystems":true,"showVisualEffectGraphs":true,"m_FxEnabled":true},"in2DMode":false,"pivot":{"x":-3.5988640785217287,"y":0.6048333644866943,"z":4.55743932723999},"rotation":{"x":0.034359078854322436,"y":-0.29761767387390139,"z":0.010718852281570435,"w":0.9540067911148071},"size":3.026686906814575,"orthographic":false}